Id,site,date,pixels,meanBare,stdevBare,meanGreen,stdevGreen,meanDead,stdevDead
1,WITCHEX1,198712198802,171,81.73,3.51,0.56,0.50,16.23,3.56
2,WITCHEX2,198712198802,175,83.33,4.34,0.65,0.48,14.65,4.39
3,WITCHEX3,198712198802,180,85.55,2.42,0.89,0.31,12.34,2.46
4,WITCHCON1,198712198802,174,78.12,3.33,0.14,0.34,20.01,3.32
5,WITCHCON2,198712198802,179,80.49,3.70,0.67,0.47,17.41,3.65
6,WITCHCON3,198712198802,178,83.37,2.67,0.58,0.49,14.56,2.63
1,WITCHEX1,198803198805,171,74.97,3.79,0.34,0.47,23.14,3.77
2,WITCHEX2,198803198805,175,80.03,6.77,0.37,0.48,18.06,6.87
3,WITCHEX3,198803198805,180,83.78,3.88,0.52,0.50,14.21,3.92
4,WITCHCON1,198803198805,174,71.28,4.65,0.05,0.22,27.15,4.58
5,WITCHCON2,198803198805,179,74.07,5.72,0.51,0.64,23.88,5.52
6,WITCHCON3,198803198805,178,80.53,3.02,0.13,0.34,17.57,2.94
1,WITCHEX1,198806198808,171,55.18,6.48,7.21,4.07,36.19,7.00
2,WITCHEX2,198806198808,175,58.82,10.08,3.45,3.02,36.17,8.21
3,WITCHEX3,198806198808,180,68.18,9.48,2.53,3.26,27.83,6.91
4,WITCHCON1,198806198808,174,47.22,6.92,2.45,1.69,48.81,6.76
5,WITCHCON2,198806198808,179,55.58,8.08,8.33,5.38,34.59,5.50
6,WITCHCON3,198806198808,178,65.78,5.52,2.21,1.72,30.57,4.33
1,WITCHEX1,198809198811,171,73.14,3.49,0.92,0.27,24.66,3.61
2,WITCHEX2,198809198811,175,75.90,4.18,0.95,0.25,21.95,4.15
3,WITCHEX3,198809198811,180,78.70,3.27,0.96,0.21,19.21,3.24
4,WITCHCON1,198809198811,174,68.63,3.58,0.59,0.49,29.32,3.55
5,WITCHCON2,198809198811,179,72.08,5.01,1.11,0.56,25.39,4.70
6,WITCHCON3,198809198811,178,78.16,2.72,0.95,0.22,19.72,2.67
1,WITCHEX1,198812198902,171,73.36,3.87,1.71,1.14,23.47,4.00
2,WITCHEX2,198812198902,175,73.54,5.43,2.73,2.50,22.32,3.90
3,WITCHEX3,198812198902,180,79.46,3.42,1.09,0.35,18.14,3.20
4,WITCHCON1,198812198902,174,70.67,3.96,0.75,0.48,27.18,3.89
5,WITCHCON2,198812198902,179,71.57,5.15,2.87,2.11,24.12,4.00
6,WITCHCON3,198812198902,178,79.88,2.72,1.11,0.51,17.66,2.55
1,WITCHEX1,198903198905,171,64.86,5.63,7.80,6.27,25.86,6.41
2,WITCHEX2,198903198905,175,50.60,11.59,11.79,6.36,36.07,8.95
3,WITCHEX3,198903198905,180,65.56,12.35,8.26,7.45,24.76,6.40
4,WITCHCON1,198903198905,174,54.91,7.81,3.60,2.47,40.02,7.68
5,WITCHCON2,198903198905,179,57.93,9.76,12.39,6.86,28.15,6.28
6,WITCHCON3,198903198905,178,67.21,5.59,8.91,5.50,22.51,3.90
1,WITCHEX1,198906198908,171,48.02,5.64,23.56,5.83,27.02,6.64
2,WITCHEX2,198906198908,175,21.38,5.78,31.31,3.94,45.83,6.25
3,WITCHEX3,198906198908,180,30.92,13.79,28.70,6.02,38.92,9.97
4,WITCHCON1,198906198908,174,40.74,5.91,17.50,6.00,40.28,9.48
5,WITCHCON2,198906198908,179,46.77,8.87,21.74,6.35,29.96,6.37
6,WITCHCON3,198906198908,178,50.20,8.78,23.76,6.50,24.57,5.23
1,WITCHEX1,198909198911,171,59.71,5.60,5.11,2.06,33.66,5.58
2,WITCHEX2,198909198911,175,38.38,4.92,5.73,1.90,54.53,5.43
3,WITCHEX3,198909198911,180,49.83,10.72,5.76,2.22,42.86,9.79
4,WITCHCON1,198909198911,174,54.44,6.10,2.83,1.41,41.21,6.13
5,WITCHCON2,198909198911,179,59.99,8.24,5.00,2.18,33.55,6.97
6,WITCHCON3,198909198911,178,63.89,7.31,5.34,2.89,29.23,5.04
1,WITCHEX1,198912199002,171,63.63,4.98,6.13,2.77,28.74,4.85
2,WITCHEX2,198912199002,175,47.61,4.75,9.49,3.47,41.40,4.25
3,WITCHEX3,198912199002,180,54.83,7.86,8.26,4.32,35.43,5.41
4,WITCHCON1,198912199002,174,58.34,5.39,3.96,2.17,36.14,5.68
5,WITCHCON2,198912199002,179,58.45,8.27,9.64,4.55,30.42,4.97
6,WITCHCON3,198912199002,178,64.69,6.94,6.62,4.20,27.21,3.78
1,WITCHEX1,199003199005,171,61.58,5.76,1.06,0.62,35.88,5.82
2,WITCHEX2,199003199005,175,46.42,10.94,0.32,0.48,51.68,11.06
3,WITCHEX3,199003199005,180,60.42,10.58,0.53,0.53,37.50,10.55
4,WITCHCON1,199003199005,174,54.48,7.64,0.07,0.25,43.95,7.78
5,WITCHCON2,199003199005,179,61.06,11.45,0.64,0.57,36.86,11.39
6,WITCHCON3,199003199005,178,66.92,8.57,0.79,0.46,30.87,8.48
1,WITCHEX1,199006199008,171,52.00,6.92,2.80,2.19,43.76,6.65
2,WITCHEX2,199006199008,175,41.05,11.25,0.83,0.94,56.59,11.00
3,WITCHEX3,199006199008,180,52.24,12.09,1.05,1.46,45.25,11.75
4,WITCHCON1,199006199008,174,47.59,8.27,0.17,0.46,50.75,8.34
5,WITCHCON2,199006199008,179,53.02,11.49,1.89,1.96,43.59,10.60
6,WITCHCON3,199006199008,178,59.10,9.03,2.04,1.88,37.38,7.97
1,WITCHEX1,199009199011,171,67.75,3.47,0.84,0.36,30.05,3.51
2,WITCHEX2,199009199011,175,58.72,10.21,0.35,0.48,39.33,10.31
3,WITCHEX3,199009199011,180,69.78,6.10,0.59,0.50,28.18,6.06
4,WITCHCON1,199009199011,174,64.27,4.49,0.13,0.33,34.03,4.65
5,WITCHCON2,199009199011,179,65.20,7.93,0.89,0.47,32.50,7.92
6,WITCHCON3,199009199011,178,72.24,5.39,0.93,0.27,25.66,5.30
1,WITCHEX1,199012199102,171,73.58,3.70,0.66,0.47,24.33,3.76
2,WITCHEX2,199012199102,175,66.64,7.49,0.56,0.52,31.27,7.43
3,WITCHEX3,199012199102,180,74.19,4.05,0.71,0.45,23.71,4.00
4,WITCHCON1,199012199102,174,69.56,3.80,0.16,0.37,28.59,3.85
5,WITCHCON2,199012199102,179,70.37,5.71,0.83,0.38,27.47,5.65
6,WITCHCON3,199012199102,178,76.09,3.73,0.67,0.47,21.87,3.68
1,WITCHEX1,199103199105,171,78.09,3.37,0.00,0.00,20.31,3.47
2,WITCHEX2,199103199105,175,74.59,7.29,0.02,0.15,23.75,7.29
3,WITCHEX3,199103199105,180,81.10,3.50,0.00,0.00,17.19,3.47
4,WITCHCON1,199103199105,174,73.02,4.37,0.00,0.00,25.82,4.39
5,WITCHCON2,199103199105,179,76.53,5.24,0.01,0.11,21.74,5.27
6,WITCHCON3,199103199105,178,81.99,2.55,0.00,0.00,16.46,2.59
1,WITCHEX1,199106199108,171,67.69,5.05,0.91,0.86,29.98,4.86
2,WITCHEX2,199106199108,175,70.97,8.76,0.32,0.61,27.15,8.79
3,WITCHEX3,199106199108,180,77.87,5.04,0.22,0.41,20.32,4.91
4,WITCHCON1,199106199108,174,61.40,7.52,0.16,0.38,36.96,7.64
5,WITCHCON2,199106199108,179,65.20,8.02,1.39,2.10,31.97,7.12
6,WITCHCON3,199106199108,178,75.39,3.66,0.35,0.48,22.75,3.62
1,WITCHEX1,199109199111,171,75.16,3.10,0.58,0.49,22.82,3.07
2,WITCHEX2,199109199111,175,75.67,4.37,0.23,0.42,22.41,4.36
3,WITCHEX3,199109199111,180,79.84,2.19,0.31,0.46,18.23,2.17
4,WITCHCON1,199109199111,174,72.25,3.10,0.13,0.34,26.01,2.98
5,WITCHCON2,199109199111,179,73.35,4.19,0.69,0.47,24.53,4.19
6,WITCHCON3,199109199111,178,80.05,2.08,0.49,0.50,18.02,2.12
1,WITCHEX1,199112199202,171,79.98,2.76,0.09,0.29,18.16,2.87
2,WITCHEX2,199112199202,175,81.06,4.29,0.18,0.39,16.99,4.36
3,WITCHEX3,199112199202,180,85.57,1.79,0.69,0.46,12.40,1.84
4,WITCHCON1,199112199202,174,76.17,2.89,0.01,0.08,22.21,2.92
5,WITCHCON2,199112199202,179,78.15,3.19,0.28,0.45,19.98,3.24
6,WITCHCON3,199112199202,178,84.30,1.48,0.17,0.37,13.74,1.50
1,WITCHEX1,199203199205,171,67.87,4.98,0.96,0.83,29.65,4.79
2,WITCHEX2,199203199205,175,59.43,11.62,2.45,2.16,36.65,10.60
3,WITCHEX3,199203199205,180,72.73,7.20,1.24,1.86,24.49,6.01
4,WITCHCON1,199203199205,174,60.56,7.23,0.31,0.52,37.67,7.28
5,WITCHCON2,199203199205,179,64.06,9.40,2.35,2.48,32.19,7.76
6,WITCHCON3,199203199205,178,72.28,5.42,1.02,1.02,25.21,4.69
1,WITCHEX1,199206199208,171,62.17,6.49,1.03,1.02,35.29,6.24
2,WITCHEX2,199206199208,175,55.34,13.07,1.03,1.03,42.10,12.68
3,WITCHEX3,199206199208,180,66.94,11.32,1.09,1.81,30.44,10.34
4,WITCHCON1,199206199208,174,64.25,6.52,0.06,0.23,34.33,6.57
5,WITCHCON2,199206199208,179,60.77,10.15,1.16,1.30,36.63,9.40
6,WITCHCON3,199206199208,178,66.43,7.67,1.32,1.31,30.79,6.84
1,WITCHEX1,199209199211,171,64.67,4.62,4.54,2.88,29.30,4.35
2,WITCHEX2,199209199211,175,51.74,8.67,5.75,2.81,41.06,6.79
3,WITCHEX3,199209199211,180,63.04,8.22,3.73,3.66,31.82,6.01
4,WITCHCON1,199209199211,174,61.47,4.88,0.90,0.50,36.21,4.81
5,WITCHCON2,199209199211,179,61.00,6.73,5.11,3.08,32.39,4.97
6,WITCHCON3,199209199211,178,65.19,6.26,4.56,3.74,28.70,4.01
1,WITCHEX1,199212199302,171,76.22,3.52,0.95,0.28,21.61,3.52
2,WITCHEX2,199212199302,175,67.59,7.46,1.93,1.43,29.01,6.39
3,WITCHEX3,199212199302,180,72.48,5.71,1.18,0.57,25.15,5.29
4,WITCHCON1,199212199302,174,70.79,3.96,0.76,0.48,27.01,3.82
5,WITCHCON2,199212199302,179,68.37,7.67,2.28,2.32,27.82,5.94
6,WITCHCON3,199212199302,178,73.53,5.26,1.46,1.03,23.64,4.55
1,WITCHEX1,199303199305,171,78.68,2.99,0.22,0.42,19.44,3.03
2,WITCHEX2,199303199305,175,74.91,6.86,0.55,0.50,23.09,6.87
3,WITCHEX3,199303199305,180,79.58,4.06,0.25,0.43,18.46,4.05
4,WITCHCON1,199303199305,174,73.38,3.10,0.04,0.20,24.95,3.04
5,WITCHCON2,199303199305,179,72.76,6.94,0.50,0.52,25.11,6.74
6,WITCHCON3,199303199305,178,79.01,4.00,0.17,0.39,19.03,4.00
1,WITCHEX1,199306199308,171,67.18,5.78,1.85,1.90,29.50,5.26
2,WITCHEX2,199306199308,175,57.51,11.71,2.41,2.53,38.60,10.85
3,WITCHEX3,199306199308,180,68.21,10.17,1.64,2.03,28.71,8.68
4,WITCHCON1,199306199308,174,61.54,6.71,0.44,0.53,36.63,6.84
5,WITCHCON2,199306199308,179,59.76,10.73,2.93,2.80,35.87,9.54
6,WITCHCON3,199306199308,178,69.66,7.89,1.44,1.49,27.47,7.10
1,WITCHEX1,199309199311,171,70.28,4.31,1.93,1.26,26.25,4.09
2,WITCHEX2,199309199311,175,61.06,6.57,4.22,2.74,33.30,4.67
3,WITCHEX3,199309199311,180,68.43,6.39,2.73,2.59,27.39,4.49
4,WITCHCON1,199309199311,174,66.09,4.44,0.89,0.44,31.54,4.30
5,WITCHCON2,199309199311,179,63.56,7.82,4.19,3.23,30.89,5.60
6,WITCHCON3,199309199311,178,69.03,4.88,2.77,2.40,26.65,3.14
1,WITCHEX1,199312199402,171,76.51,3.40,0.75,0.45,21.34,3.45
2,WITCHEX2,199312199402,175,70.80,7.36,0.98,0.58,26.89,7.10
3,WITCHEX3,199312199402,180,77.52,5.35,1.00,0.46,20.19,5.00
4,WITCHCON1,199312199402,174,71.88,3.09,0.13,0.34,26.37,3.06
5,WITCHCON2,199312199402,179,71.03,6.21,0.89,0.51,26.72,6.11
6,WITCHCON3,199312199402,178,76.48,4.52,0.94,0.67,21.21,4.14
1,WITCHEX1,199403199405,171,73.76,3.98,0.51,0.52,24.18,3.99
2,WITCHEX2,199403199405,175,67.55,11.21,0.84,0.80,30.07,10.94
3,WITCHEX3,199403199405,180,77.43,7.17,0.51,0.72,20.40,6.84
4,WITCHCON1,199403199405,174,68.22,4.60,0.21,0.41,30.06,4.60
5,WITCHCON2,199403199405,179,67.11,9.36,0.99,0.97,30.42,8.97
6,WITCHCON3,199403199405,178,74.98,5.32,0.51,0.58,22.96,5.17
1,WITCHEX1,199406199408,171,71.68,4.30,0.37,0.48,26.36,4.35
2,WITCHEX2,199406199408,175,64.98,9.46,0.67,0.66,32.86,9.39
3,WITCHEX3,199406199408,180,75.20,6.64,0.42,0.66,22.74,6.42
4,WITCHCON1,199406199408,174,67.81,4.58,0.02,0.15,30.70,4.57
5,WITCHCON2,199406199408,179,65.72,9.71,0.64,0.81,32.08,9.33
6,WITCHCON3,199406199408,178,73.02,4.85,0.39,0.49,24.96,4.76
1,WITCHEX1,199409199411,171,75.58,3.19,0.26,0.44,22.47,3.31
2,WITCHEX2,199409199411,175,72.93,5.48,0.37,0.48,25.10,5.43
3,WITCHEX3,199409199411,180,78.97,3.18,0.58,0.49,18.99,3.19
4,WITCHCON1,199409199411,174,70.10,3.23,0.06,0.24,28.17,3.23
5,WITCHCON2,199409199411,179,71.49,5.82,0.54,0.50,26.46,5.81
6,WITCHCON3,199409199411,178,78.02,2.82,0.29,0.45,20.01,2.80
1,WITCHEX1,199412199502,171,79.53,2.94,0.52,0.50,18.44,2.96
2,WITCHEX2,199412199502,175,75.52,4.95,0.72,0.45,22.38,4.87
3,WITCHEX3,199412199502,180,80.35,2.83,0.94,0.24,17.54,2.84
4,WITCHCON1,199412199502,174,75.51,3.03,0.04,0.20,22.61,3.03
5,WITCHCON2,199412199502,179,74.08,4.89,0.83,0.37,23.76,4.84
6,WITCHCON3,199412199502,178,80.06,2.72,0.81,0.39,17.89,2.70
1,WITCHEX1,199503199505,171,79.76,3.15,0.01,0.08,18.43,3.28
2,WITCHEX2,199503199505,175,82.77,4.08,0.24,0.44,15.41,4.37
3,WITCHEX3,199503199505,180,87.24,1.70,0.72,0.45,10.59,1.88
4,WITCHCON1,199503199505,174,74.56,3.13,0.00,0.00,24.07,3.18
5,WITCHCON2,199503199505,179,75.26,5.17,0.06,0.23,22.90,5.19
6,WITCHCON3,199503199505,178,83.01,2.36,0.07,0.26,15.12,2.39
1,WITCHEX1,199506199508,171,59.41,6.54,3.96,3.47,35.04,6.24
2,WITCHEX2,199506199508,175,61.75,11.27,1.89,1.86,34.89,10.40
3,WITCHEX3,199506199508,180,69.61,10.60,2.90,4.22,26.06,7.47
4,WITCHCON1,199506199508,174,56.46,7.37,0.57,0.76,41.43,7.26
5,WITCHCON2,199506199508,179,56.89,9.91,3.85,3.36,37.80,7.80
6,WITCHCON3,199506199508,178,68.12,7.36,2.53,2.75,27.90,5.27
1,WITCHEX1,199509199511,171,71.72,4.08,0.87,0.43,26.06,4.08
2,WITCHEX2,199509199511,175,73.42,4.70,0.70,0.46,24.49,4.69
3,WITCHEX3,199509199511,180,76.27,4.26,0.86,0.36,21.67,4.20
4,WITCHCON1,199509199511,174,68.45,3.77,0.29,0.46,29.57,3.66
5,WITCHCON2,199509199511,179,67.22,6.75,1.05,0.50,30.43,6.43
6,WITCHCON3,199509199511,178,75.19,3.49,0.76,0.42,22.72,3.41
1,WITCHEX1,199512199602,171,79.74,3.31,0.59,0.51,18.20,3.34
2,WITCHEX2,199512199602,175,80.50,4.05,0.54,0.52,17.42,4.04
3,WITCHEX3,199512199602,180,84.03,3.82,0.84,0.37,13.93,3.79
4,WITCHCON1,199512199602,174,74.99,3.22,0.13,0.34,23.26,3.19
5,WITCHCON2,199512199602,179,76.40,4.86,0.62,0.57,21.43,4.67
6,WITCHCON3,199512199602,178,82.95,3.13,0.46,0.50,15.01,3.06
1,WITCHEX1,199603199605,171,79.35,2.98,0.01,0.08,18.90,3.00
2,WITCHEX2,199603199605,175,83.30,4.35,0.26,0.49,14.93,4.66
3,WITCHEX3,199603199605,180,88.21,2.13,0.73,0.45,9.64,2.29
4,WITCHCON1,199603199605,174,75.91,3.17,0.00,0.00,22.73,3.17
5,WITCHCON2,199603199605,179,76.65,4.89,0.07,0.26,21.63,4.80
6,WITCHCON3,199603199605,178,85.40,1.77,0.12,0.33,12.78,1.82
1,WITCHEX1,199606199608,171,73.15,5.06,0.26,0.44,25.02,5.02
2,WITCHEX2,199606199608,175,75.31,6.64,0.24,0.45,22.73,6.64
3,WITCHEX3,199606199608,180,81.86,4.96,0.29,0.45,16.24,4.94
4,WITCHCON1,199606199608,174,69.40,6.34,0.02,0.15,29.30,6.35
5,WITCHCON2,199606199608,179,66.03,10.59,1.08,1.45,31.40,9.67
6,WITCHCON3,199606199608,178,79.90,3.88,0.18,0.38,18.23,3.84
1,WITCHEX1,199609199611,171,79.24,3.25,0.74,0.44,18.71,3.28
2,WITCHEX2,199609199611,175,80.43,3.61,0.79,0.41,17.51,3.64
3,WITCHEX3,199609199611,180,84.23,2.51,0.97,0.16,13.69,2.51
4,WITCHCON1,199609199611,174,76.03,2.83,0.05,0.22,22.14,2.85
5,WITCHCON2,199609199611,179,74.07,4.00,0.93,0.29,23.76,3.82
6,WITCHCON3,199609199611,178,82.96,2.02,0.70,0.46,15.03,2.02
1,WITCHEX1,199612199702,171,84.67,3.21,0.52,0.50,13.35,3.20
2,WITCHEX2,199612199702,175,86.05,2.97,0.75,0.43,11.88,3.05
3,WITCHEX3,199612199702,180,88.23,1.27,0.99,0.07,9.53,1.36
4,WITCHCON1,199612199702,174,78.67,3.42,0.09,0.29,19.41,3.39
5,WITCHCON2,199612199702,179,80.92,3.15,0.69,0.46,17.02,3.09
6,WITCHCON3,199612199702,178,86.46,1.85,0.66,0.47,11.51,1.85
1,WITCHEX1,199703199705,171,80.19,3.16,0.31,0.46,17.88,3.21
2,WITCHEX2,199703199705,175,69.11,12.92,4.03,3.50,25.43,10.08
3,WITCHEX3,199703199705,180,84.72,3.86,1.02,0.37,13.07,3.69
4,WITCHCON1,199703199705,174,75.87,4.07,0.16,0.37,22.32,4.03
5,WITCHCON2,199703199705,179,72.63,9.04,2.34,2.13,23.56,7.39
6,WITCHCON3,199703199705,178,83.79,3.52,0.65,0.55,14.15,3.34
1,WITCHEX1,199706199708,171,82.40,2.81,0.06,0.23,15.70,2.93
2,WITCHEX2,199706199708,175,75.62,10.74,0.54,0.54,22.28,10.84
3,WITCHEX3,199706199708,180,86.71,2.63,0.78,0.43,11.16,2.72
4,WITCHCON1,199706199708,174,77.69,3.74,0.01,0.08,20.75,3.80
5,WITCHCON2,199706199708,179,77.25,7.20,0.18,0.39,20.75,7.20
6,WITCHCON3,199706199708,178,84.56,2.42,0.22,0.42,13.52,2.46
1,WITCHEX1,199709199711,171,81.58,3.12,0.91,0.29,16.27,3.14
2,WITCHEX2,199709199711,175,73.40,6.87,1.08,0.36,24.19,6.60
3,WITCHEX3,199709199711,180,83.12,3.19,1.03,0.16,14.66,3.03
4,WITCHCON1,199709199711,174,76.95,2.93,0.26,0.44,21.08,2.91
5,WITCHCON2,199709199711,179,75.71,4.82,0.99,0.18,22.04,4.73
6,WITCHCON3,199709199711,178,81.46,3.18,0.96,0.32,16.26,3.04
1,WITCHEX1,199712199802,171,83.27,3.58,0.77,0.42,14.64,3.64
2,WITCHEX2,199712199802,175,75.30,7.52,1.15,0.56,22.31,7.16
3,WITCHEX3,199712199802,180,84.79,2.39,1.00,0.00,13.06,2.39
4,WITCHCON1,199712199802,174,77.87,3.02,0.30,0.46,20.19,3.04
5,WITCHCON2,199712199802,179,77.66,3.39,0.97,0.16,20.07,3.33
6,WITCHCON3,199712199802,178,84.19,2.32,0.96,0.21,13.76,2.29
1,WITCHEX1,199803199805,171,85.01,2.71,0.36,0.48,13.01,2.83
2,WITCHEX2,199803199805,175,76.38,9.71,1.13,0.80,21.10,9.20
3,WITCHEX3,199803199805,180,86.64,1.74,0.79,0.40,11.22,1.85
4,WITCHCON1,199803199805,174,78.87,2.94,0.02,0.13,19.49,2.92
5,WITCHCON2,199803199805,179,75.47,5.98,0.84,0.82,22.23,5.60
6,WITCHCON3,199803199805,178,85.31,1.98,0.37,0.48,12.70,2.04
1,WITCHEX1,199806199808,171,82.91,3.29,0.16,0.36,15.20,3.36
2,WITCHEX2,199806199808,175,77.21,9.51,0.40,0.55,20.77,9.55
3,WITCHEX3,199806199808,180,86.68,2.23,0.52,0.50,11.26,2.31
4,WITCHCON1,199806199808,174,76.03,3.95,0.02,0.13,22.46,3.95
5,WITCHCON2,199806199808,179,75.59,5.15,0.25,0.43,22.54,5.18
6,WITCHCON3,199806199808,178,84.99,2.39,0.18,0.38,13.13,2.43
1,WITCHEX1,199809199811,171,80.23,3.32,0.99,0.28,17.39,3.34
2,WITCHEX2,199809199811,175,76.15,4.84,0.93,0.30,21.66,4.81
3,WITCHEX3,199809199811,180,83.51,2.13,0.91,0.28,14.39,2.11
4,WITCHCON1,199809199811,174,76.39,3.04,0.52,0.51,21.57,3.08
5,WITCHCON2,199809199811,179,78.07,3.07,0.93,0.29,19.78,3.02
6,WITCHCON3,199809199811,178,83.28,2.32,0.79,0.42,14.58,2.26
1,WITCHEX1,199812199902,171,84.72,3.39,0.68,0.47,13.23,3.38
2,WITCHEX2,199812199902,175,82.68,4.36,0.79,0.40,15.19,4.41
3,WITCHEX3,199812199902,180,86.11,1.86,1.00,0.00,11.82,1.85
4,WITCHCON1,199812199902,174,79.19,3.17,0.21,0.41,18.81,3.16
5,WITCHCON2,199812199902,179,78.54,3.43,1.00,0.48,19.06,3.19
6,WITCHCON3,199812199902,178,85.11,2.30,0.90,0.29,12.86,2.29
1,WITCHEX1,199903199905,171,86.41,2.46,0.53,0.50,11.64,2.63
2,WITCHEX2,199903199905,175,85.26,4.28,0.49,0.51,12.74,4.45
3,WITCHEX3,199903199905,180,88.26,1.78,0.88,0.32,9.50,1.92
4,WITCHCON1,199903199905,174,81.31,3.39,0.01,0.08,17.23,3.46
5,WITCHCON2,199903199905,179,81.39,3.99,0.15,0.36,16.69,3.94
6,WITCHCON3,199903199905,178,87.45,1.50,0.45,0.50,10.56,1.58
1,WITCHEX1,199906199908,171,85.67,2.66,0.36,0.48,12.42,2.75
2,WITCHEX2,199906199908,175,86.15,3.34,0.50,0.53,11.86,3.48
3,WITCHEX3,199906199908,180,88.47,1.37,0.80,0.40,9.33,1.46
4,WITCHCON1,199906199908,174,80.94,3.20,0.01,0.08,17.45,3.14
5,WITCHCON2,199906199908,179,83.40,2.99,0.18,0.39,14.70,3.00
6,WITCHCON3,199906199908,178,87.73,1.07,0.73,0.44,10.21,1.16
1,WITCHEX1,199909199911,171,85.09,3.38,0.88,0.32,12.85,3.40
2,WITCHEX2,199909199911,175,84.94,2.67,0.96,0.20,12.96,2.70
3,WITCHEX3,199909199911,180,86.98,1.59,0.99,0.07,10.74,1.64
4,WITCHCON1,199909199911,174,79.02,3.03,0.07,0.25,19.07,3.00
5,WITCHCON2,199909199911,179,82.32,2.43,0.92,0.27,15.62,2.40
6,WITCHCON3,199909199911,178,86.57,1.39,0.99,0.11,11.31,1.38
1,WITCHEX1,199912200002,171,85.17,3.32,0.98,0.15,12.58,3.24
2,WITCHEX2,199912200002,175,86.13,2.68,1.00,0.00,11.65,2.68
3,WITCHEX3,199912200002,180,87.30,1.55,1.00,0.00,10.32,1.52
4,WITCHCON1,199912200002,174,79.31,2.56,0.25,0.43,18.76,2.56
5,WITCHCON2,199912200002,179,81.53,2.71,0.99,0.18,16.26,2.62
6,WITCHCON3,199912200002,178,86.66,1.60,0.99,0.07,11.11,1.60
1,WITCHEX1,200003200005,171,76.41,4.42,1.28,0.77,21.00,4.22
2,WITCHEX2,200003200005,175,78.15,7.22,0.99,0.51,19.42,7.10
3,WITCHEX3,200003200005,180,83.59,4.23,1.11,0.47,14.01,3.97
4,WITCHCON1,200003200005,174,70.14,4.43,0.44,0.52,27.83,4.32
5,WITCHCON2,200003200005,179,68.64,9.18,1.77,1.45,28.23,8.08
6,WITCHCON3,200003200005,178,80.47,4.75,1.16,0.63,17.13,4.23
1,WITCHEX1,200006200008,171,77.88,5.29,1.11,1.05,19.70,4.75
2,WITCHEX2,200006200008,175,76.66,9.87,1.41,1.01,20.53,9.16
3,WITCHEX3,200006200008,180,80.75,8.74,1.66,1.79,16.31,7.06
4,WITCHCON1,200006200008,174,73.66,4.20,0.07,0.25,24.63,4.16
5,WITCHCON2,200006200008,179,69.80,10.84,1.42,1.23,27.43,9.90
6,WITCHCON3,200006200008,178,80.06,6.94,1.39,1.28,17.38,5.82
1,WITCHEX1,200009200011,171,80.61,3.83,0.91,0.33,17.17,3.79
2,WITCHEX2,200009200011,175,80.16,5.36,1.05,0.30,17.37,5.16
3,WITCHEX3,200009200011,180,82.70,3.89,1.12,0.43,14.78,3.47
4,WITCHCON1,200009200011,174,75.63,2.79,0.17,0.37,22.56,2.76
5,WITCHCON2,200009200011,179,74.60,6.03,1.10,0.55,22.94,5.69
6,WITCHCON3,200009200011,178,81.02,4.12,1.08,0.33,16.67,3.82
1,WITCHEX1,200012200102,171,82.70,3.73,0.92,0.27,15.22,3.76
2,WITCHEX2,200012200102,175,82.16,4.43,1.13,0.42,15.35,4.19
3,WITCHEX3,200012200102,180,85.13,2.61,1.02,0.13,12.40,2.60
4,WITCHCON1,200012200102,174,77.17,2.86,0.19,0.39,20.87,2.84
5,WITCHCON2,200012200102,179,75.19,5.05,1.21,0.50,22.20,4.75
6,WITCHCON3,200012200102,178,82.27,3.42,1.03,0.20,15.47,3.26
1,WITCHEX1,200103200105,171,86.06,2.75,0.79,0.41,11.90,2.89
2,WITCHEX2,200103200105,175,85.75,5.30,0.98,0.31,11.95,5.12
3,WITCHEX3,200103200105,180,88.63,2.09,0.98,0.15,9.12,2.17
4,WITCHCON1,200103200105,174,79.43,2.94,0.03,0.18,18.89,2.90
5,WITCHCON2,200103200105,179,79.75,6.83,1.14,0.71,17.80,6.29
6,WITCHCON3,200103200105,178,87.51,2.03,0.90,0.30,10.38,2.07
1,WITCHEX1,200106200108,171,76.56,6.20,1.96,2.25,20.06,5.11
2,WITCHEX2,200106200108,175,70.91,11.46,3.55,3.56,24.13,8.73
3,WITCHEX3,200106200108,180,78.50,8.31,2.18,3.00,18.02,5.96
4,WITCHCON1,200106200108,174,70.51,4.52,0.48,0.51,27.45,4.41
5,WITCHCON2,200106200108,179,66.47,10.99,3.17,2.89,28.93,8.63
6,WITCHCON3,200106200108,178,76.79,7.55,1.98,2.60,19.85,5.63
1,WITCHEX1,200109200111,171,75.68,5.32,3.19,2.62,19.64,5.05
2,WITCHEX2,200109200111,175,65.32,9.21,8.02,5.32,25.10,4.62
3,WITCHEX3,200109200111,180,76.52,6.45,3.11,3.25,18.77,3.63
4,WITCHCON1,200109200111,174,68.67,3.34,1.24,0.52,28.66,3.19
5,WITCHCON2,200109200111,179,67.61,7.28,5.50,3.76,25.44,4.34
6,WITCHCON3,200109200111,178,76.50,5.84,2.95,3.10,19.09,3.50
1,WITCHEX1,200112200202,171,80.32,4.23,1.01,0.32,17.43,4.17
2,WITCHEX2,200112200202,175,76.97,7.72,1.33,0.82,20.32,7.07
3,WITCHEX3,200112200202,180,81.17,4.88,1.29,0.96,15.99,4.15
4,WITCHCON1,200112200202,174,73.79,3.35,0.62,0.49,24.17,3.23
5,WITCHCON2,200112200202,179,73.63,6.12,1.20,0.57,23.69,5.74
6,WITCHCON3,200112200202,178,80.25,4.66,1.17,0.66,17.19,4.05
1,WITCHEX1,200203200205,171,83.01,4.19,0.70,0.46,14.95,4.35
2,WITCHEX2,200203200205,175,80.29,8.29,0.92,0.54,17.40,8.12
3,WITCHEX3,200203200205,180,85.51,3.77,0.86,0.35,12.37,3.79
4,WITCHCON1,200203200205,174,77.21,3.65,0.01,0.08,21.22,3.61
5,WITCHCON2,200203200205,179,77.36,6.54,0.43,0.50,20.66,6.53
6,WITCHCON3,200203200205,178,84.80,3.09,0.71,0.45,13.12,3.06
1,WITCHEX1,200206200208,171,83.90,3.69,0.35,0.48,14.21,3.76
2,WITCHEX2,200206200208,175,81.75,7.72,0.45,0.53,16.30,7.72
3,WITCHEX3,200206200208,180,87.38,3.05,0.69,0.46,10.50,3.14
4,WITCHCON1,200206200208,174,78.64,3.77,0.00,0.00,19.83,3.76
5,WITCHCON2,200206200208,179,79.54,7.29,0.26,0.44,18.63,7.30
6,WITCHCON3,200206200208,178,86.14,2.55,0.47,0.50,11.92,2.62
1,WITCHEX1,200209200211,171,83.33,4.02,0.92,0.27,14.63,4.04
2,WITCHEX2,200209200211,175,83.46,4.53,0.98,0.15,14.34,4.49
3,WITCHEX3,200209200211,180,85.38,2.31,0.99,0.07,12.42,2.36
4,WITCHCON1,200209200211,174,77.58,2.91,0.13,0.34,20.44,2.89
5,WITCHCON2,200209200211,179,79.54,3.92,0.98,0.13,18.34,3.86
6,WITCHCON3,200209200211,178,84.51,2.43,0.99,0.07,13.39,2.42
1,WITCHEX1,200212200302,171,84.20,3.37,0.94,0.25,13.75,3.39
2,WITCHEX2,200212200302,175,85.61,3.12,1.01,0.11,12.21,3.08
3,WITCHEX3,200212200302,180,87.14,1.66,1.00,0.00,10.57,1.73
4,WITCHCON1,200212200302,174,80.06,2.35,0.13,0.34,17.99,2.37
5,WITCHCON2,200212200302,179,80.26,3.58,1.06,0.26,17.42,3.36
6,WITCHCON3,200212200302,178,85.62,1.95,1.00,0.00,12.26,1.92
1,WITCHEX1,200303200305,171,78.57,5.52,1.12,0.97,18.88,5.13
2,WITCHEX2,200303200305,175,63.24,13.32,8.50,5.68,26.70,8.96
3,WITCHEX3,200303200305,180,77.68,9.77,2.89,3.14,18.08,6.98
4,WITCHCON1,200303200305,174,70.04,4.44,0.60,0.63,27.78,4.20
5,WITCHCON2,200303200305,179,66.29,9.39,4.74,3.85,27.51,6.55
6,WITCHCON3,200303200305,178,76.11,7.86,2.76,3.36,19.76,5.24
1,WITCHEX1,200306200308,171,84.65,2.89,0.21,0.41,13.46,3.00
2,WITCHEX2,200306200308,175,76.79,9.70,0.93,0.45,20.91,9.54
3,WITCHEX3,200306200308,180,84.06,5.08,0.83,0.48,13.76,4.94
4,WITCHCON1,200306200308,174,78.83,3.34,0.01,0.08,19.58,3.34
5,WITCHCON2,200306200308,179,76.54,6.53,0.49,0.51,21.37,6.45
6,WITCHCON3,200306200308,178,83.09,4.41,0.56,0.51,14.83,4.25
1,WITCHEX1,200309200311,171,81.74,3.42,0.77,0.42,16.23,3.44
2,WITCHEX2,200309200311,175,77.59,6.03,0.99,0.43,20.10,5.90
3,WITCHEX3,200309200311,180,80.87,3.47,1.02,0.17,16.86,3.37
4,WITCHCON1,200309200311,174,75.07,2.50,0.20,0.40,23.01,2.51
5,WITCHCON2,200309200311,179,74.28,4.43,0.99,0.35,23.34,4.33
6,WITCHCON3,200309200311,178,79.29,3.99,1.04,0.27,18.42,3.76
1,WITCHEX1,200312200402,171,84.36,3.17,0.77,0.43,13.56,3.19
2,WITCHEX2,200312200402,175,81.05,4.88,0.75,0.43,16.86,4.93
3,WITCHEX3,200312200402,180,85.00,2.31,0.97,0.18,12.82,2.34
4,WITCHCON1,200312200402,174,77.88,2.76,0.03,0.18,20.22,2.80
5,WITCHCON2,200312200402,179,77.34,3.69,0.87,0.36,20.55,3.66
6,WITCHCON3,200312200402,178,83.28,2.85,0.85,0.36,14.71,2.85
1,WITCHEX1,200403200405,171,87.29,2.36,0.74,0.44,10.70,2.41
2,WITCHEX2,200403200405,175,86.10,4.06,0.52,0.50,11.90,4.25
3,WITCHEX3,200403200405,180,88.72,1.37,0.81,0.39,9.18,1.44
4,WITCHCON1,200403200405,174,82.03,2.57,0.01,0.08,16.35,2.58
5,WITCHCON2,200403200405,179,83.75,2.98,0.11,0.32,14.34,3.06
6,WITCHCON3,200403200405,178,87.61,1.41,0.58,0.49,10.38,1.43
1,WITCHEX1,200406200408,171,69.86,8.07,5.23,4.68,23.39,6.14
2,WITCHEX2,200406200408,175,53.69,9.15,13.95,4.83,30.88,6.42
3,WITCHEX3,200406200408,180,64.05,12.33,6.95,6.38,27.55,6.73
4,WITCHCON1,200406200408,174,59.80,7.95,2.41,2.53,36.24,7.00
5,WITCHCON2,200406200408,179,61.21,10.41,7.13,5.48,30.20,6.19
6,WITCHCON3,200406200408,178,71.60,9.42,4.22,5.48,22.74,4.95
1,WITCHEX1,200409200411,171,76.98,4.82,2.04,1.75,19.44,4.44
2,WITCHEX2,200409200411,175,69.15,6.09,3.19,1.79,26.07,4.92
3,WITCHEX3,200409200411,180,76.31,5.34,1.95,1.46,20.23,4.20
4,WITCHCON1,200409200411,174,70.53,3.51,1.03,0.31,27.15,3.43
5,WITCHCON2,200409200411,179,70.34,5.89,3.19,2.36,25.03,4.08
6,WITCHCON3,200409200411,178,77.64,5.14,1.60,1.24,19.26,4.07
1,WITCHEX1,200412200502,171,81.10,3.63,0.89,0.31,16.84,3.62
2,WITCHEX2,200412200502,175,78.81,4.54,0.99,0.11,18.96,4.47
3,WITCHEX3,200412200502,180,82.22,2.49,0.99,0.07,15.54,2.46
4,WITCHCON1,200412200502,174,75.29,2.84,0.22,0.41,22.80,2.80
5,WITCHCON2,200412200502,179,76.75,3.88,0.98,0.24,21.08,3.77
6,WITCHCON3,200412200502,178,82.15,3.13,0.97,0.20,15.74,3.09
1,WITCHEX1,200503200505,171,83.90,2.87,0.26,0.44,14.16,2.90
2,WITCHEX2,200503200505,175,83.78,4.13,0.49,0.50,14.29,4.25
3,WITCHEX3,200503200505,180,84.53,2.66,0.70,0.46,13.41,2.68
4,WITCHCON1,200503200505,174,78.50,3.00,0.00,0.00,19.90,3.06
5,WITCHCON2,200503200505,179,79.63,3.76,0.10,0.30,18.49,3.83
6,WITCHCON3,200503200505,178,85.36,2.38,0.52,0.50,12.66,2.41
1,WITCHEX1,200506200508,171,84.09,3.13,0.19,0.39,13.99,3.17
2,WITCHEX2,200506200508,175,82.46,4.98,0.25,0.43,15.61,5.02
3,WITCHEX3,200506200508,180,86.03,3.71,0.58,0.52,11.87,3.60
4,WITCHCON1,200506200508,174,78.71,3.18,0.00,0.00,19.81,3.15
5,WITCHCON2,200506200508,179,78.68,5.74,0.36,0.63,19.37,5.48
6,WITCHCON3,200506200508,178,83.03,4.68,0.55,0.57,14.87,4.47
1,WITCHEX1,200509200511,171,81.77,3.66,0.94,0.28,15.94,3.59
2,WITCHEX2,200509200511,175,79.99,4.25,0.98,0.21,17.84,4.11
3,WITCHEX3,200509200511,180,83.64,3.15,1.02,0.15,14.15,3.10
4,WITCHCON1,200509200511,174,75.89,2.94,0.36,0.48,22.12,2.94
5,WITCHCON2,200509200511,179,75.00,4.79,1.36,1.02,22.14,3.98
6,WITCHCON3,200509200511,178,81.68,3.22,1.01,0.20,16.04,3.05
1,WITCHEX1,200512200602,171,84.06,3.26,0.67,0.47,13.93,3.32
2,WITCHEX2,200512200602,175,85.24,2.87,0.86,0.35,12.62,2.93
3,WITCHEX3,200512200602,180,86.81,1.55,1.00,0.00,10.84,1.65
4,WITCHCON1,200512200602,174,78.16,3.24,0.03,0.18,20.07,3.24
5,WITCHCON2,200512200602,179,78.32,3.89,0.87,0.39,19.39,3.75
6,WITCHCON3,200512200602,178,86.56,1.81,0.88,0.33,11.38,1.80
1,WITCHEX1,200603200605,171,85.57,3.17,0.57,0.50,12.49,3.22
2,WITCHEX2,200603200605,175,88.84,2.26,0.82,0.42,9.02,2.46
3,WITCHEX3,200603200605,180,87.84,1.35,0.91,0.28,9.97,1.48
4,WITCHCON1,200603200605,174,79.95,2.63,0.00,0.00,18.54,2.60
5,WITCHCON2,200603200605,179,80.39,4.96,0.27,0.45,17.62,4.98
6,WITCHCON3,200603200605,178,87.10,1.70,0.67,0.47,10.87,1.74
1,WITCHEX1,200606200608,171,86.13,2.61,0.23,0.42,12.01,2.72
2,WITCHEX2,200606200608,175,89.39,1.98,0.67,0.49,8.55,2.12
3,WITCHEX3,200606200608,180,88.72,1.13,0.76,0.43,9.11,1.30
4,WITCHCON1,200606200608,174,80.89,2.89,0.00,0.00,17.84,2.85
5,WITCHCON2,200606200608,179,82.12,3.97,0.05,0.22,16.05,3.96
6,WITCHCON3,200606200608,178,87.75,1.46,0.47,0.50,10.22,1.49
1,WITCHEX1,200609200611,171,86.64,2.92,0.54,0.50,11.36,2.94
2,WITCHEX2,200609200611,175,88.55,1.66,0.91,0.28,9.38,1.73
3,WITCHEX3,200609200611,180,87.83,1.22,1.00,0.00,9.97,1.33
4,WITCHCON1,200609200611,174,80.60,2.76,0.04,0.20,17.57,2.80
5,WITCHCON2,200609200611,179,82.64,2.95,0.34,0.47,15.35,2.95
6,WITCHCON3,200609200611,178,87.20,1.52,0.99,0.07,10.77,1.52
1,WITCHEX1,200612200702,171,85.70,3.62,0.84,0.37,12.23,3.66
2,WITCHEX2,200612200702,175,86.66,2.45,1.02,0.13,11.01,2.38
3,WITCHEX3,200612200702,180,86.35,2.05,1.04,0.19,11.35,1.92
4,WITCHCON1,200612200702,174,80.52,3.34,0.18,0.38,17.48,3.31
5,WITCHCON2,200612200702,179,78.16,4.83,1.44,1.24,19.02,3.79
6,WITCHCON3,200612200702,178,86.33,2.05,1.01,0.29,11.54,1.92
1,WITCHEX1,200703200705,171,83.05,4.13,0.78,0.54,14.84,4.09
2,WITCHEX2,200703200705,175,76.64,11.13,3.27,3.60,18.78,8.32
3,WITCHEX3,200703200705,180,82.53,6.00,1.51,1.62,14.77,4.66
4,WITCHCON1,200703200705,174,76.76,3.19,0.12,0.33,21.41,3.17
5,WITCHCON2,200703200705,179,69.94,9.46,3.04,3.21,25.61,6.75
6,WITCHCON3,200703200705,178,82.36,5.98,1.71,2.20,14.67,4.11
1,WITCHEX1,200706200708,171,81.93,4.05,0.44,0.53,16.06,4.05
2,WITCHEX2,200706200708,175,77.73,10.23,0.94,0.46,19.86,10.05
3,WITCHEX3,200706200708,180,78.57,9.05,1.81,2.96,18.24,6.73
4,WITCHCON1,200706200708,174,76.07,3.22,0.02,0.13,22.26,3.12
5,WITCHCON2,200706200708,179,70.73,9.29,0.87,1.00,26.86,8.70
6,WITCHCON3,200706200708,178,78.94,7.87,1.67,2.65,18.02,5.68
1,WITCHEX1,200709200711,171,83.24,3.84,0.94,0.25,14.60,3.81
2,WITCHEX2,200709200711,175,81.09,7.09,1.16,0.41,16.31,6.75
3,WITCHEX3,200709200711,180,82.67,4.10,1.09,0.57,14.92,3.63
4,WITCHCON1,200709200711,174,78.01,2.71,0.19,0.39,20.11,2.72
5,WITCHCON2,200709200711,179,74.73,5.83,1.07,0.44,22.80,5.53
6,WITCHCON3,200709200711,178,82.83,4.66,1.14,0.57,14.76,4.11
1,WITCHEX1,200712200802,171,84.60,3.51,0.70,0.46,13.30,3.58
2,WITCHEX2,200712200802,175,82.17,5.60,0.97,0.29,15.46,5.49
3,WITCHEX3,200712200802,180,83.93,2.59,0.99,0.20,13.91,2.54
4,WITCHCON1,200712200802,174,78.49,2.97,0.05,0.21,19.66,2.97
5,WITCHCON2,200712200802,179,76.53,5.15,0.91,0.44,21.20,4.95
6,WITCHCON3,200712200802,178,84.11,3.22,0.92,0.30,13.71,3.18
1,WITCHEX1,200803200805,171,87.29,2.73,0.77,0.42,10.70,2.85
2,WITCHEX2,200803200805,175,85.29,3.95,0.70,0.46,12.55,4.11
3,WITCHEX3,200803200805,180,88.24,1.61,0.98,0.15,9.50,1.65
4,WITCHCON1,200803200805,174,82.18,3.40,0.02,0.13,16.24,3.44
5,WITCHCON2,200803200805,179,80.12,4.44,0.15,0.36,18.01,4.46
6,WITCHCON3,200803200805,178,88.21,2.07,0.90,0.30,9.68,2.08
1,WITCHEX1,200806200808,171,85.36,3.84,0.74,0.44,12.63,3.92
2,WITCHEX2,200806200808,175,87.57,3.94,0.58,0.60,10.34,4.14
3,WITCHEX3,200806200808,180,87.54,2.04,0.84,0.38,10.22,2.16
4,WITCHCON1,200806200808,174,81.28,3.23,0.05,0.21,17.19,3.18
5,WITCHCON2,200806200808,179,81.08,4.17,0.36,0.48,16.97,4.20
6,WITCHCON3,200806200808,178,86.12,2.72,0.92,0.27,11.75,2.75
1,WITCHEX1,200809200811,171,86.71,3.29,0.67,0.47,11.31,3.33
2,WITCHEX2,200809200811,175,87.18,2.39,0.87,0.34,10.75,2.42
3,WITCHEX3,200809200811,180,86.25,1.42,0.99,0.07,11.67,1.43
4,WITCHCON1,200809200811,174,81.86,3.09,0.01,0.08,16.24,3.09
5,WITCHCON2,200809200811,179,83.63,2.15,0.55,0.50,14.37,2.13
6,WITCHCON3,200809200811,178,86.40,1.85,0.87,0.34,11.54,1.80
1,WITCHEX1,200812200902,171,85.15,3.79,0.76,0.43,12.81,3.77
2,WITCHEX2,200812200902,175,78.14,9.64,3.46,3.24,16.96,6.60
3,WITCHEX3,200812200902,180,84.87,2.31,1.07,0.29,12.87,2.14
4,WITCHCON1,200812200902,174,81.65,2.73,0.23,0.42,16.37,2.74
5,WITCHCON2,200812200902,179,77.62,4.81,1.79,1.36,19.21,3.74
6,WITCHCON3,200812200902,178,85.16,2.78,1.03,0.31,12.62,2.43
1,WITCHEX1,200903200905,171,87.05,2.84,0.78,0.41,10.96,2.94
2,WITCHEX2,200903200905,175,81.16,7.96,1.15,0.47,16.39,7.66
3,WITCHEX3,200903200905,180,87.54,1.33,0.93,0.26,10.23,1.50
4,WITCHCON1,200903200905,174,82.99,2.49,0.05,0.21,15.18,2.56
5,WITCHCON2,200903200905,179,79.63,4.59,0.68,0.55,18.25,4.36
6,WITCHCON3,200903200905,178,86.52,2.30,0.75,0.43,11.41,2.25
1,WITCHEX1,200906200908,171,87.99,3.23,0.84,0.37,9.84,3.37
2,WITCHEX2,200906200908,175,85.05,6.72,0.51,0.53,12.92,6.79
3,WITCHEX3,200906200908,180,88.74,1.80,0.78,0.43,9.09,1.88
4,WITCHCON1,200906200908,174,84.24,2.43,0.06,0.23,14.07,2.51
5,WITCHCON2,200906200908,179,81.37,4.28,0.30,0.46,16.68,4.27
6,WITCHCON3,200906200908,178,87.63,1.95,0.83,0.37,10.32,2.01
1,WITCHEX1,200909200911,171,86.23,3.40,0.71,0.45,11.73,3.41
2,WITCHEX2,200909200911,175,82.87,5.18,0.95,0.30,14.89,5.18
3,WITCHEX3,200909200911,180,83.19,2.53,0.96,0.21,14.52,2.53
4,WITCHCON1,200909200911,174,80.93,2.47,0.26,0.44,17.11,2.49
5,WITCHCON2,200909200911,179,79.13,3.58,0.98,0.57,18.52,3.32
6,WITCHCON3,200909200911,178,84.83,2.50,0.93,0.26,13.03,2.38
1,WITCHEX1,200912201002,171,82.63,4.35,0.99,0.33,15.08,4.32
2,WITCHEX2,200912201002,175,75.82,7.95,3.06,2.49,19.71,5.83
3,WITCHEX3,200912201002,180,80.06,2.92,1.17,0.61,17.43,2.60
4,WITCHCON1,200912201002,174,76.22,3.00,0.72,0.45,21.67,2.97
5,WITCHCON2,200912201002,179,73.76,5.06,2.63,2.17,22.21,3.49
6,WITCHCON3,200912201002,178,81.66,3.81,1.19,0.62,15.87,3.30
1,WITCHEX1,201003201005,171,85.10,3.70,0.79,0.42,12.86,3.75
2,WITCHEX2,201003201005,175,76.62,11.47,2.06,2.11,19.99,9.90
3,WITCHEX3,201003201005,180,83.68,4.74,1.04,1.09,14.00,3.96
4,WITCHCON1,201003201005,174,78.09,3.25,0.12,0.33,19.98,3.23
5,WITCHCON2,201003201005,179,72.84,7.85,2.50,2.79,23.31,5.68
6,WITCHCON3,201003201005,178,81.94,6.42,1.40,1.37,15.45,5.21
1,WITCHEX1,201006201008,171,79.96,4.96,0.99,0.71,17.70,4.87
2,WITCHEX2,201006201008,175,69.43,16.43,3.15,3.51,25.99,13.86
3,WITCHEX3,201006201008,180,77.75,8.64,1.86,2.81,19.06,6.52
4,WITCHCON1,201006201008,174,72.54,3.90,0.28,0.46,25.54,3.85
5,WITCHCON2,201006201008,179,64.66,10.58,4.40,4.58,29.42,7.22
6,WITCHCON3,201006201008,178,75.91,9.93,2.69,4.04,20.11,6.57
1,WITCHEX1,201009201011,171,68.69,6.06,6.74,2.82,23.08,6.56
2,WITCHEX2,201009201011,175,60.75,9.25,11.43,5.57,26.28,4.38
3,WITCHEX3,201009201011,180,64.77,6.31,7.11,5.39,26.67,2.38
4,WITCHCON1,201009201011,174,63.62,5.14,2.84,1.83,32.01,4.67
5,WITCHCON2,201009201011,179,61.98,6.88,9.44,4.60,27.11,3.54
6,WITCHCON3,201009201011,178,68.56,7.37,6.95,5.91,22.98,3.16
1,WITCHEX1,201012201102,171,71.70,5.40,2.22,1.22,24.61,5.27
2,WITCHEX2,201012201102,175,55.89,10.44,6.61,3.06,36.05,8.03
3,WITCHEX3,201012201102,180,65.69,6.35,3.79,3.19,29.01,3.75
4,WITCHCON1,201012201102,174,65.37,4.91,1.19,0.87,31.98,4.93
5,WITCHCON2,201012201102,179,60.98,7.62,4.45,2.70,33.06,6.00
6,WITCHCON3,201012201102,178,69.63,7.71,4.34,4.02,24.53,4.28
1,WITCHEX1,201103201105,171,62.60,7.28,9.70,4.46,26.23,7.78
2,WITCHEX2,201103201105,175,42.66,10.25,17.50,5.68,38.33,7.13
3,WITCHEX3,201103201105,180,53.42,9.84,11.26,6.45,33.88,5.70
4,WITCHCON1,201103201105,174,54.01,8.23,6.06,3.93,38.38,8.64
5,WITCHCON2,201103201105,179,54.36,9.45,10.84,5.90,33.23,5.63
6,WITCHCON3,201103201105,178,65.39,9.93,7.49,7.07,25.59,4.17
1,WITCHEX1,201106201108,171,61.51,7.15,6.11,3.69,30.96,6.76
2,WITCHEX2,201106201108,175,43.93,13.11,2.85,1.71,51.62,13.09
3,WITCHEX3,201106201108,180,57.22,11.12,2.93,1.95,38.47,9.90
4,WITCHCON1,201106201108,174,53.29,8.68,1.52,1.43,43.67,8.44
5,WITCHCON2,201106201108,179,55.47,11.59,3.61,2.29,39.42,10.39
6,WITCHCON3,201106201108,178,65.67,11.09,3.11,2.68,29.75,9.14
1,WITCHEX1,201109201111,171,68.70,5.42,1.92,1.09,27.85,5.15
2,WITCHEX2,201109201111,175,53.26,13.06,1.75,0.93,43.59,12.71
3,WITCHEX3,201109201111,180,66.13,6.18,1.68,0.87,30.62,5.63
4,WITCHCON1,201109201111,174,63.45,6.01,1.08,0.65,34.12,5.98
5,WITCHCON2,201109201111,179,62.44,9.12,2.16,1.34,33.94,8.46
6,WITCHCON3,201109201111,178,69.84,7.67,1.58,1.01,27.06,7.06
1,WITCHEX1,201112201202,171,73.67,5.41,1.18,0.53,23.76,5.39
2,WITCHEX2,201112201202,175,60.13,15.01,1.68,1.04,36.70,14.72
3,WITCHEX3,201112201202,180,69.46,6.59,1.39,0.73,27.69,6.25
4,WITCHCON1,201112201202,174,65.71,5.03,0.89,0.38,31.97,4.95
5,WITCHCON2,201112201202,179,63.53,9.29,2.49,1.47,32.51,8.43
6,WITCHCON3,201112201202,178,72.78,8.96,1.37,0.88,24.41,8.33
1,WITCHEX1,201203201205,171,68.80,6.90,2.39,1.69,27.31,6.37
2,WITCHEX2,201203201205,175,46.20,16.53,6.73,4.86,45.51,13.40
3,WITCHEX3,201203201205,180,59.28,11.84,3.82,3.38,35.44,9.42
4,WITCHCON1,201203201205,174,59.02,9.04,1.39,1.50,38.09,8.78
5,WITCHCON2,201203201205,179,57.20,12.16,3.28,2.59,38.03,10.66
6,WITCHCON3,201203201205,178,68.85,12.25,3.47,4.08,26.33,8.80
1,WITCHEX1,201206201208,171,69.80,6.79,1.32,1.04,27.43,6.42
2,WITCHEX2,201206201208,175,50.14,17.08,1.34,1.34,47.08,16.66
3,WITCHEX3,201206201208,180,67.17,10.34,0.98,0.70,30.29,10.09
4,WITCHCON1,201206201208,174,58.48,9.01,0.53,0.81,39.45,8.94
5,WITCHCON2,201206201208,179,60.90,11.33,1.43,0.94,36.31,10.79
6,WITCHCON3,201206201208,178,73.21,9.26,0.79,0.46,24.56,9.33
1,WITCHEX1,201209201211,171,74.05,5.46,1.05,0.46,23.57,5.41
2,WITCHEX2,201209201211,175,60.53,12.96,1.43,0.86,36.61,12.74
3,WITCHEX3,201209201211,180,71.95,6.01,1.12,0.46,25.55,5.71
4,WITCHCON1,201209201211,174,67.27,5.07,0.65,0.48,30.65,5.06
5,WITCHCON2,201209201211,179,65.29,8.60,1.53,0.92,31.68,8.09
6,WITCHCON3,201209201211,178,74.54,7.94,0.99,0.33,23.17,7.80
1,WITCHEX1,201212201302,163,76.84,5.36,0.90,0.30,20.91,5.44
2,WITCHEX2,201212201302,171,66.27,11.38,1.12,0.80,31.18,11.23
3,WITCHEX3,201212201302,180,74.06,4.23,1.06,0.24,23.41,4.11
4,WITCHCON1,201212201302,174,70.08,4.21,0.67,0.47,27.86,4.18
5,WITCHCON2,201212201302,179,70.33,5.47,1.13,0.43,27.15,5.34
6,WITCHCON3,201212201302,176,76.64,6.28,1.02,0.29,21.02,6.14
1,WITCHEX1,201303201305,171,79.47,4.68,0.40,0.49,18.57,4.72
2,WITCHEX2,201303201305,175,75.72,11.90,0.18,0.38,22.43,11.96
3,WITCHEX3,201303201305,180,82.06,3.65,0.42,0.49,15.98,3.65
4,WITCHCON1,201303201305,174,74.86,4.74,0.06,0.24,23.40,4.74
5,WITCHCON2,201303201305,179,73.25,8.41,0.38,0.57,24.69,8.30
6,WITCHCON3,201303201305,178,81.33,4.58,0.41,0.49,16.73,4.63
1,WITCHEX1,201306201308,171,68.41,8.41,2.73,3.15,27.39,7.18
2,WITCHEX2,201306201308,175,47.80,12.38,10.67,5.00,39.92,9.13
3,WITCHEX3,201306201308,180,58.91,11.80,9.47,6.77,30.11,6.26
4,WITCHCON1,201306201308,174,62.41,8.64,1.02,1.01,35.03,8.28
5,WITCHCON2,201306201308,179,57.42,11.02,7.57,5.91,33.47,6.44
6,WITCHCON3,201306201308,178,66.28,12.34,5.82,6.35,26.51,6.83
1,WITCHEX1,201309201311,171,74.01,5.81,1.38,0.89,23.16,5.58
2,WITCHEX2,201309201311,175,61.57,11.84,2.56,1.60,34.37,10.83
3,WITCHEX3,201309201311,180,68.36,7.57,2.64,1.92,27.43,5.98
4,WITCHCON1,201309201311,174,68.84,4.35,0.93,0.35,28.95,4.25
5,WITCHCON2,201309201311,179,65.14,8.19,3.23,2.29,30.24,6.32
6,WITCHCON3,201309201311,178,72.17,8.86,2.46,2.54,23.85,6.65
1,WITCHEX1,201312201402,171,76.71,5.45,0.95,0.26,20.94,5.42
2,WITCHEX2,201312201402,175,69.72,11.05,1.12,0.37,27.77,10.81
3,WITCHEX3,201312201402,180,75.41,5.65,1.08,0.31,22.03,5.32
4,WITCHCON1,201312201402,174,72.28,3.42,0.73,0.46,25.72,3.33
5,WITCHCON2,201312201402,179,69.12,6.79,1.32,0.66,28.06,6.40
6,WITCHCON3,201312201402,178,75.14,7.75,1.22,0.59,22.22,7.20
1,WITCHEX1,201403201405,171,66.36,7.03,2.53,2.23,29.47,6.60
2,WITCHEX2,201403201405,175,54.39,14.86,2.71,1.83,41.55,13.68
3,WITCHEX3,201403201405,180,62.58,11.08,2.66,2.16,33.34,9.32
4,WITCHCON1,201403201405,174,59.90,7.75,1.03,0.85,37.58,7.61
5,WITCHCON2,201403201405,179,56.79,10.96,5.88,4.07,35.91,7.67
6,WITCHCON3,201403201405,178,66.02,12.07,4.11,4.01,28.45,8.57
1,WITCHEX1,201406201408,171,68.33,7.51,1.45,1.25,28.73,7.09
2,WITCHEX2,201406201408,175,63.14,14.97,0.73,0.69,34.61,14.68
3,WITCHEX3,201406201408,180,70.25,9.24,1.21,0.88,27.27,8.61
4,WITCHCON1,201406201408,174,62.59,7.93,0.48,0.60,35.45,7.89
5,WITCHCON2,201406201408,179,60.52,12.34,2.42,2.29,35.57,10.63
6,WITCHCON3,201406201408,178,68.82,10.73,1.85,1.79,28.03,9.57
1,WITCHEX1,201409201411,171,73.98,5.47,1.13,0.42,23.31,5.44
2,WITCHEX2,201409201411,175,68.65,9.20,1.30,0.73,28.75,8.77
3,WITCHEX3,201409201411,180,72.04,6.28,1.47,1.00,25.04,5.43
4,WITCHCON1,201409201411,174,68.52,4.30,0.89,0.35,29.28,4.18
5,WITCHCON2,201409201411,179,66.44,7.97,1.78,1.09,30.26,7.21
6,WITCHCON3,201409201411,178,72.06,8.56,2.08,1.85,24.39,6.97
1,WITCHEX1,201412201502,171,71.98,6.12,2.11,1.40,24.40,5.97
2,WITCHEX2,201412201502,175,66.97,9.83,2.75,2.47,28.86,8.15
3,WITCHEX3,201412201502,180,72.15,5.66,1.58,0.89,24.79,4.94
4,WITCHCON1,201412201502,174,68.01,4.84,1.07,0.43,29.56,4.70
5,WITCHCON2,201412201502,179,65.79,7.31,2.30,1.28,30.35,6.46
6,WITCHCON3,201412201502,178,72.42,7.77,1.75,1.20,24.22,6.85
1,WITCHEX1,201503201505,171,71.53,6.08,1.94,1.52,25.02,5.63
2,WITCHEX2,201503201505,175,68.82,13.56,1.85,1.79,27.91,12.49
3,WITCHEX3,201503201505,180,74.85,8.22,1.14,0.56,22.77,7.83
4,WITCHCON1,201503201505,174,65.32,7.21,0.87,0.75,32.43,7.08
5,WITCHCON2,201503201505,179,74.77,7.40,1.25,1.33,22.58,6.44
6,WITCHCON3,201503201505,178,73.11,10.59,1.33,0.81,24.25,9.89
1,WITCHEX1,201506201508,171,61.46,7.57,5.88,4.09,31.16,7.05
2,WITCHEX2,201506201508,175,49.51,11.95,6.17,3.61,42.89,9.61
3,WITCHEX3,201506201508,180,61.04,11.02,2.80,2.37,34.68,9.20
4,WITCHCON1,201506201508,174,55.73,8.63,1.22,1.16,41.59,8.40
5,WITCHCON2,201506201508,179,60.31,11.54,5.43,5.89,32.82,7.43
6,WITCHCON3,201506201508,178,62.78,11.23,5.00,4.67,30.67,7.35
1,WITCHEX1,201509201511,171,68.92,5.73,3.11,1.79,26.50,5.44
2,WITCHEX2,201509201511,175,61.81,8.67,2.22,1.01,34.47,8.13
3,WITCHEX3,201509201511,180,68.58,7.03,1.67,1.07,28.23,6.23
4,WITCHCON1,201509201511,174,64.30,5.41,1.07,0.57,33.25,5.33
5,WITCHCON2,201509201511,179,67.89,7.75,2.40,2.06,28.20,5.99
6,WITCHCON3,201509201511,178,68.34,8.97,2.42,1.85,27.65,7.71
1,WITCHEX1,201512201602,171,71.64,5.92,2.30,1.32,24.63,5.54
2,WITCHEX2,201512201602,175,67.90,8.84,2.44,1.54,28.12,7.74
3,WITCHEX3,201512201602,180,71.49,7.25,2.43,2.07,24.53,5.55
4,WITCHCON1,201512201602,174,66.60,4.12,1.22,0.60,30.75,3.89
5,WITCHCON2,201512201602,179,69.11,7.17,2.72,2.44,26.58,5.55
6,WITCHCON3,201512201602,178,70.84,8.60,3.30,2.55,24.38,6.49
1,WITCHEX1,201603201605,171,69.80,6.05,1.15,0.68,27.65,5.97
2,WITCHEX2,201603201605,175,68.33,11.07,0.99,0.41,29.29,10.84
3,WITCHEX3,201603201605,180,76.46,7.31,0.81,0.42,21.41,7.22
4,WITCHCON1,201603201605,174,65.41,6.38,0.28,0.45,32.68,6.35
5,WITCHCON2,201603201605,179,69.03,8.65,1.00,0.42,28.69,8.57
6,WITCHCON3,201603201605,178,71.85,9.14,1.13,0.77,25.74,8.73
1,WITCHEX1,201606201608,171,61.64,7.81,5.04,3.32,31.85,7.11
2,WITCHEX2,201606201608,175,54.08,11.00,7.31,5.29,37.10,7.99
3,WITCHEX3,201606201608,180,63.31,11.08,3.62,3.53,31.68,8.18
4,WITCHCON1,201606201608,174,59.14,7.40,0.66,0.63,38.72,7.38
5,WITCHCON2,201606201608,179,58.37,10.42,7.38,5.38,32.75,6.70
6,WITCHCON3,201606201608,178,64.51,11.50,5.34,5.76,28.73,6.56
1,WITCHEX1,201609201611,171,61.99,6.50,8.83,2.89,27.67,6.50
2,WITCHEX2,201609201611,175,55.67,6.24,9.53,2.86,33.23,4.04
3,WITCHEX3,201609201611,180,59.44,7.30,8.32,3.84,30.68,4.10
4,WITCHCON1,201609201611,174,57.81,5.10,3.48,1.71,37.18,5.39
5,WITCHCON2,201609201611,179,59.93,7.90,8.50,3.78,30.06,4.97
6,WITCHCON3,201609201611,178,62.21,8.81,9.88,4.97,26.39,4.50
1,WITCHEX1,201612201702,171,65.24,6.12,3.19,1.40,30.04,5.90
2,WITCHEX2,201612201702,175,56.77,9.54,4.95,2.54,36.74,7.59
3,WITCHEX3,201612201702,180,60.60,8.70,4.14,2.47,33.71,6.72
4,WITCHCON1,201612201702,174,60.36,5.84,1.11,0.50,37.09,5.75
5,WITCHCON2,201612201702,179,59.00,9.36,5.22,3.03,34.22,7.07
6,WITCHCON3,201612201702,178,62.68,10.23,5.02,2.92,30.78,7.70
1,WITCHEX1,201703201705,171,68.29,5.83,1.26,0.64,28.93,5.61
2,WITCHEX2,201703201705,175,59.19,13.95,2.78,2.01,36.64,12.54
3,WITCHEX3,201703201705,180,65.07,11.09,2.00,1.37,31.53,9.94
4,WITCHCON1,201703201705,174,63.39,6.23,0.39,0.51,34.61,6.26
5,WITCHCON2,201703201705,179,62.61,11.86,2.73,2.35,33.21,9.89
6,WITCHCON3,201703201705,178,66.18,12.47,1.98,1.59,30.38,11.13
1,WITCHEX1,201706201708,171,66.00,7.34,1.53,1.29,31.09,6.76
2,WITCHEX2,201706201708,175,58.11,15.52,2.19,2.03,38.31,14.18
3,WITCHEX3,201706201708,180,64.74,12.22,1.61,1.48,32.29,11.10
4,WITCHCON1,201706201708,174,63.02,7.55,0.20,0.42,35.14,7.61
5,WITCHCON2,201706201708,179,61.77,12.96,2.44,2.39,34.42,11.14
6,WITCHCON3,201706201708,178,63.63,13.29,2.59,2.54,32.47,11.06
1,WITCHEX1,201709201711,171,71.59,4.70,1.15,0.37,25.78,4.65
2,WITCHEX2,201709201711,175,65.73,9.19,1.61,0.84,31.10,8.54
3,WITCHEX3,201709201711,180,69.25,7.00,1.36,0.59,28.00,6.61
4,WITCHCON1,201709201711,174,67.85,3.70,0.87,0.38,29.92,3.65
5,WITCHCON2,201709201711,179,66.37,8.61,1.95,1.25,30.22,7.76
6,WITCHCON3,201709201711,178,69.08,9.08,1.65,1.00,27.65,8.25
1,WITCHEX1,201712201802,171,71.55,4.74,0.98,0.24,25.98,4.76
2,WITCHEX2,201712201802,175,68.74,8.26,1.18,0.41,28.64,8.02
3,WITCHEX3,201712201802,180,71.76,6.19,1.07,0.25,25.73,6.01
4,WITCHCON1,201712201802,174,68.19,3.91,0.68,0.46,29.76,3.93
5,WITCHCON2,201712201802,179,66.64,8.02,1.55,0.68,30.32,7.64
6,WITCHCON3,201712201802,178,70.24,8.19,1.12,0.37,27.12,8.05
1,WITCHEX1,201803201805,171,77.61,4.54,0.15,0.36,20.50,4.64
2,WITCHEX2,201803201805,175,78.02,7.52,0.24,0.43,20.03,7.53
3,WITCHEX3,201803201805,180,80.98,5.37,0.15,0.36,17.07,5.37
4,WITCHCON1,201803201805,174,75.43,3.99,0.00,0.00,23.23,3.96
5,WITCHCON2,201803201805,179,75.77,7.40,0.19,0.39,22.26,7.42
6,WITCHCON3,201803201805,178,77.82,7.51,0.28,0.45,20.19,7.54
1,WITCHEX1,201806201808,171,80.35,4.67,0.02,0.15,17.80,4.66
2,WITCHEX2,201806201808,175,80.41,7.82,0.12,0.34,17.74,7.87
3,WITCHEX3,201806201808,180,83.92,4.68,0.12,0.33,14.15,4.72
4,WITCHCON1,201806201808,174,78.85,4.27,0.00,0.00,19.93,4.18
5,WITCHCON2,201806201808,179,78.25,7.37,0.03,0.18,19.90,7.41
6,WITCHCON3,201806201808,178,80.25,6.92,0.06,0.23,17.86,6.94
1,WITCHEX1,201809201811,171,75.95,4.44,0.97,0.17,21.88,4.45
2,WITCHEX2,201809201811,175,76.19,5.06,0.97,0.17,21.63,4.94
3,WITCHEX3,201809201811,180,78.45,3.14,1.00,0.00,19.34,3.05
4,WITCHCON1,201809201811,174,72.10,3.48,0.32,0.46,25.93,3.47
5,WITCHCON2,201809201811,179,72.49,5.11,1.02,0.15,25.08,5.05
6,WITCHCON3,201809201811,178,75.84,4.90,0.99,0.11,21.94,4.89
1,WITCHEX1,201812201902,171,77.49,3.90,0.95,0.21,20.43,3.90
2,WITCHEX2,201812201902,175,78.93,4.58,0.99,0.11,18.91,4.54
3,WITCHEX3,201812201902,180,79.97,2.59,1.00,0.00,17.82,2.57
4,WITCHCON1,201812201902,174,73.15,3.18,0.22,0.41,24.90,3.21
5,WITCHCON2,201812201902,179,75.83,4.12,1.00,0.00,21.95,4.05
6,WITCHCON3,201812201902,178,77.41,4.20,1.00,0.00,20.36,4.15
1,WITCHEX1,201903201905,171,83.44,3.91,0.14,0.35,14.66,3.98
2,WITCHEX2,201903201905,175,85.63,3.87,0.38,0.50,12.39,3.98
3,WITCHEX3,201903201905,180,87.04,1.99,0.73,0.45,10.90,2.03
4,WITCHCON1,201903201905,174,80.60,3.12,0.00,0.00,18.07,3.12
5,WITCHCON2,201903201905,179,83.25,3.37,0.10,0.30,14.87,3.43
6,WITCHCON3,201903201905,178,84.18,3.50,0.28,0.45,13.84,3.50
1,WITCHEX1,201906201908,171,85.40,3.86,0.09,0.29,12.76,3.94
2,WITCHEX2,201906201908,175,89.28,3.00,0.21,0.42,8.90,3.08
3,WITCHEX3,201906201908,180,89.12,1.53,0.40,0.49,8.92,1.51
4,WITCHCON1,201906201908,174,83.31,3.01,0.00,0.00,15.56,3.05
5,WITCHCON2,201906201908,179,85.95,2.80,0.06,0.24,12.30,2.87
6,WITCHCON3,201906201908,178,86.31,2.66,0.11,0.32,11.90,2.77
1,WITCHEX1,201909201911,171,81.97,4.03,0.81,0.39,16.02,4.07
2,WITCHEX2,201909201911,175,84.12,3.11,0.98,0.15,13.83,3.15
3,WITCHEX3,201909201911,180,84.96,1.68,1.00,0.00,12.95,1.68
4,WITCHCON1,201909201911,174,77.83,3.04,0.01,0.08,20.32,2.96
5,WITCHCON2,201909201911,179,80.83,3.07,0.94,0.24,17.15,3.07
6,WITCHCON3,201909201911,178,82.16,2.89,0.98,0.15,15.79,2.88
1,WITCHEX1,201912202002,171,79.15,3.82,0.91,0.29,18.73,3.82
2,WITCHEX2,201912202002,175,81.77,3.92,1.00,0.19,16.05,3.88
3,WITCHEX3,201912202002,180,82.27,1.94,0.99,0.07,15.59,1.91
4,WITCHCON1,201912202002,174,75.90,2.68,0.12,0.33,22.17,2.68
5,WITCHCON2,201912202002,179,78.02,3.30,0.99,0.07,19.78,3.27
6,WITCHCON3,201912202002,178,80.35,3.23,1.00,0.00,17.52,3.18
1,WITCHEX1,202003202005,171,81.85,3.82,0.67,0.47,16.16,3.87
2,WITCHEX2,202003202005,175,80.22,8.49,1.22,0.81,17.15,7.86
3,WITCHEX3,202003202005,180,84.03,4.80,1.06,0.31,13.71,4.53
4,WITCHCON1,202003202005,174,78.91,2.88,0.02,0.13,19.35,2.90
5,WITCHCON2,202003202005,179,78.84,6.24,1.06,0.76,18.82,5.73
6,WITCHCON3,202003202005,178,83.26,5.35,1.02,0.24,14.62,5.14
1,WITCHEX1,202006202008,171,85.68,3.42,0.28,0.45,12.41,3.59
2,WITCHEX2,202006202008,175,85.97,6.20,0.66,0.54,11.89,6.18
3,WITCHEX3,202006202008,180,88.00,3.17,0.78,0.43,9.87,3.19
4,WITCHCON1,202006202008,174,84.17,2.53,0.01,0.08,14.42,2.61
5,WITCHCON2,202006202008,179,84.17,4.18,0.28,0.45,13.87,4.12
6,WITCHCON3,202006202008,178,86.72,3.62,0.51,0.50,11.29,3.64
1,WITCHEX1,202009202011,171,78.74,5.05,1.20,0.54,18.63,4.91
2,WITCHEX2,202009202011,175,79.13,5.43,1.25,0.80,18.19,4.91
3,WITCHEX3,202009202011,180,80.01,4.52,1.49,1.12,17.08,3.56
4,WITCHCON1,202009202011,174,74.01,3.38,0.78,0.42,23.90,3.37
5,WITCHCON2,202009202011,179,76.58,4.78,1.41,0.87,20.53,4.17
6,WITCHCON3,202009202011,178,79.21,5.30,1.67,1.56,17.67,4.12
1,WITCHEX1,202012202102,171,77.57,5.27,1.01,0.31,19.98,5.30
2,WITCHEX2,202012202102,175,80.26,5.09,1.13,0.49,17.33,4.75
3,WITCHEX3,202012202102,180,79.02,4.29,1.33,0.91,18.32,3.62
4,WITCHCON1,202012202102,174,73.82,3.16,0.39,0.49,24.17,3.12
5,WITCHCON2,202012202102,179,74.41,4.88,1.56,1.00,22.54,4.15
6,WITCHCON3,202012202102,178,77.83,4.74,1.35,0.74,19.41,4.19
1,WITCHEX1,202103202105,171,72.07,6.69,1.73,1.44,24.78,6.53
2,WITCHEX2,202103202105,175,76.78,9.93,2.19,2.17,19.70,8.37
3,WITCHEX3,202103202105,180,76.86,8.44,2.02,2.45,19.93,6.48
4,WITCHCON1,202103202105,174,67.43,5.84,0.57,0.57,30.46,5.71
5,WITCHCON2,202103202105,179,69.42,8.91,4.81,4.97,24.30,5.10
6,WITCHCON3,202103202105,178,73.16,9.13,3.22,4.18,22.30,5.83
1,WITCHEX1,202106202108,171,78.94,5.07,0.70,0.47,19.01,5.08
2,WITCHEX2,202106202108,175,83.57,6.59,0.64,0.50,14.33,6.51
3,WITCHEX3,202106202108,180,84.18,5.09,0.54,0.54,13.67,4.85
4,WITCHCON1,202106202108,174,75.79,4.26,0.02,0.13,22.52,4.23
5,WITCHCON2,202106202108,179,76.98,8.29,0.97,1.00,20.54,7.66
6,WITCHCON3,202106202108,178,81.26,6.39,0.88,0.76,16.54,5.98
1,WITCHEX1,202109202111,171,79.19,4.42,0.88,0.32,18.72,4.54
2,WITCHEX2,202109202111,175,82.01,4.18,0.97,0.17,15.84,4.18
3,WITCHEX3,202109202111,180,80.38,3.06,0.98,0.13,17.39,3.03
4,WITCHCON1,202109202111,174,74.51,2.97,0.17,0.38,23.61,2.99
5,WITCHCON2,202109202111,179,77.12,5.38,1.07,0.38,20.45,5.01
6,WITCHCON3,202109202111,178,79.72,4.31,1.02,0.20,18.07,4.15
1,WITCHEX1,202112202202,171,73.63,5.82,1.97,1.16,22.82,5.71
2,WITCHEX2,202112202202,175,72.71,8.39,4.56,4.09,21.20,4.94
3,WITCHEX3,202112202202,180,74.26,5.56,2.75,2.79,21.34,3.22
4,WITCHCON1,202112202202,174,68.94,3.78,1.26,0.64,28.33,3.65
5,WITCHCON2,202112202202,179,69.26,6.78,5.74,4.25,23.50,3.45
6,WITCHCON3,202112202202,178,73.33,6.45,3.58,3.51,21.62,3.71
1,WITCHEX1,202203202205,171,71.07,6.02,2.12,1.37,25.38,5.81
2,WITCHEX2,202203202205,175,66.01,14.51,5.51,4.56,27.07,10.83
3,WITCHEX3,202203202205,180,73.03,8.86,2.65,2.79,22.96,6.37
4,WITCHCON1,202203202205,174,62.57,6.99,1.94,1.48,33.99,6.54
5,WITCHCON2,202203202205,179,68.84,9.75,3.45,2.86,26.31,7.49
6,WITCHCON3,202203202205,178,69.71,9.03,4.22,4.17,24.62,5.48
1,WITCHEX1,202206202208,171,61.13,7.18,6.83,4.02,30.56,7.44
2,WITCHEX2,202206202208,175,60.71,13.78,6.37,5.50,31.55,9.74
3,WITCHEX3,202206202208,180,63.54,10.05,4.69,4.94,30.33,6.79
4,WITCHCON1,202206202208,174,53.95,8.32,2.83,2.38,41.75,8.17
5,WITCHCON2,202206202208,179,65.89,10.02,4.56,3.85,28.18,6.95
6,WITCHCON3,202206202208,178,65.51,9.70,7.13,6.91,26.03,4.32
1,WITCHEX1,202209202211,171,69.84,5.36,2.42,1.47,26.20,5.47
2,WITCHEX2,202209202211,175,68.54,9.39,3.29,2.90,26.78,7.47
3,WITCHEX3,202209202211,180,70.88,6.99,2.44,2.41,25.23,5.08
4,WITCHCON1,202209202211,174,63.72,5.33,1.41,0.99,33.40,5.15
5,WITCHCON2,202209202211,179,69.17,7.50,3.79,2.66,25.58,5.55
6,WITCHCON3,202209202211,178,71.30,8.13,3.33,3.55,23.97,5.25
1,WITCHEX1,202212202302,171,70.25,5.13,1.86,1.03,26.24,4.97
2,WITCHEX2,202212202302,175,64.23,10.23,4.53,2.98,29.62,7.64
3,WITCHEX3,202212202302,180,67.66,6.52,2.95,1.99,27.91,4.80
4,WITCHCON1,202212202302,174,63.22,5.51,1.24,0.68,34.15,5.45
5,WITCHCON2,202212202302,179,67.92,7.22,2.90,2.11,27.61,5.60
6,WITCHCON3,202212202302,178,69.70,8.27,2.46,1.93,26.37,6.74
1,WITCHEX1,202303202305,171,76.25,4.59,0.75,0.43,21.75,4.64
2,WITCHEX2,202303202305,175,75.39,11.56,0.64,0.49,22.44,11.39
3,WITCHEX3,202303202305,180,79.02,5.88,0.66,0.49,18.86,5.73
4,WITCHCON1,202303202305,174,70.36,5.72,0.07,0.25,27.90,5.71
5,WITCHCON2,202303202305,179,75.08,7.66,0.75,0.46,22.80,7.52
6,WITCHCON3,202303202305,178,77.45,7.28,0.77,0.43,20.49,7.19
1,WITCHEX1,202306202308,171,72.65,6.14,0.87,0.61,25.04,6.01
2,WITCHEX2,202306202308,175,70.27,14.05,1.12,1.15,27.12,13.27
3,WITCHEX3,202306202308,180,75.17,9.11,1.06,1.61,22.31,8.04
4,WITCHCON1,202306202308,174,66.26,7.23,0.14,0.35,31.97,7.16
5,WITCHCON2,202306202308,179,69.53,10.51,2.12,2.41,26.88,8.74
6,WITCHCON3,202306202308,178,72.04,10.05,1.62,1.73,24.98,8.69
1,WITCHEX1,202309202311,171,73.86,4.92,1.01,0.37,23.68,4.90
2,WITCHEX2,202309202311,175,70.23,9.20,1.29,0.55,27.07,8.79
3,WITCHEX3,202309202311,180,72.79,6.56,1.31,0.78,24.41,5.83
4,WITCHCON1,202309202311,174,68.66,4.33,0.63,0.48,29.31,4.36
5,WITCHCON2,202309202311,179,70.85,7.54,1.71,1.23,26.06,6.49
6,WITCHCON3,202309202311,178,72.26,8.13,1.44,0.93,24.81,7.32
1,WITCHEX1,202312202402,171,73.83,4.51,1.16,0.50,23.47,4.49
2,WITCHEX2,202312202402,175,71.62,10.07,1.62,1.01,25.22,9.17
3,WITCHEX3,202312202402,180,73.16,6.65,1.31,0.72,23.95,6.08
4,WITCHCON1,202312202402,174,68.57,4.50,0.97,0.39,29.09,4.32
5,WITCHCON2,202312202402,179,71.20,6.57,1.84,1.37,25.51,5.60
6,WITCHCON3,202312202402,178,71.02,8.57,1.69,1.35,25.77,7.48
1,WITCHEX1,202403202405,171,78.57,4.82,0.88,0.47,19.29,4.69
2,WITCHEX2,202403202405,175,77.28,12.06,1.19,0.86,20.24,11.42
3,WITCHEX3,202403202405,180,81.73,6.30,0.90,0.35,16.19,6.14
4,WITCHCON1,202403202405,174,72.99,5.37,0.30,0.48,25.06,5.24
5,WITCHCON2,202403202405,179,72.84,10.27,2.40,3.14,23.40,7.69
6,WITCHCON3,202403202405,178,75.48,8.71,1.11,0.57,22.22,8.33
1,WITCHEX1,202406202408,171,78.37,4.89,0.62,0.57,19.54,4.76
2,WITCHEX2,202406202408,175,75.38,12.69,0.98,1.26,22.03,11.81
3,WITCHEX3,202406202408,180,79.32,8.19,0.89,1.48,18.29,7.16
4,WITCHCON1,202406202408,174,72.76,5.41,0.12,0.33,25.41,5.33
5,WITCHCON2,202406202408,179,72.44,10.63,2.01,2.91,24.10,8.51
6,WITCHCON3,202406202408,178,74.58,10.03,1.43,1.64,22.68,8.75
1,WITCHEX1,202409202411,171,76.50,4.76,1.18,0.62,20.87,4.49
2,WITCHEX2,202409202411,175,74.20,9.23,1.75,1.52,22.53,8.06
3,WITCHEX3,202409202411,180,75.94,6.41,1.33,0.76,21.36,5.70
4,WITCHCON1,202409202411,174,71.60,3.84,0.85,0.36,26.26,3.74
5,WITCHCON2,202409202411,179,72.37,6.86,2.00,1.82,24.25,5.52
6,WITCHCON3,202409202411,178,72.94,7.55,1.46,0.93,24.07,6.79
1,WITCHEX1,202412202502,171,76.51,4.55,1.02,0.26,20.96,4.53
2,WITCHEX2,202412202502,175,75.35,7.61,1.15,0.49,22.06,7.21
3,WITCHEX3,202412202502,180,75.46,5.38,1.31,0.68,21.74,4.86
4,WITCHCON1,202412202502,174,72.33,3.90,0.65,0.48,25.64,3.84
5,WITCHCON2,202412202502,179,73.34,6.34,1.41,0.89,23.81,5.73
6,WITCHCON3,202412202502,178,72.86,7.01,1.32,0.73,24.30,6.50
1,WITCHEX1,202503202505,171,77.82,4.79,0.74,0.44,20.15,4.79
2,WITCHEX2,202503202505,175,82.28,7.82,0.47,0.52,15.69,7.81
3,WITCHEX3,202503202505,180,80.71,7.26,0.86,0.56,17.20,7.03
4,WITCHCON1,202503202505,174,73.98,4.95,0.03,0.17,24.25,4.82
5,WITCHCON2,202503202505,179,74.19,10.36,1.12,1.14,23.39,9.54
6,WITCHCON3,202503202505,178,77.03,6.95,0.75,0.45,20.95,6.93
1,WITCHEX1,202506202508,171,80.96,4.63,0.29,0.45,17.09,4.61
2,WITCHEX2,202506202508,175,86.02,6.60,0.21,0.44,12.13,6.68
3,WITCHEX3,202506202508,180,84.71,5.95,0.22,0.41,13.44,5.88
4,WITCHCON1,202506202508,174,77.84,4.72,0.00,0.00,20.63,4.64
5,WITCHCON2,202506202508,179,80.50,8.66,0.13,0.34,17.57,8.58
6,WITCHCON3,202506202508,178,81.50,5.95,0.08,0.28,16.61,5.94
